{
  "version": "1.0.2",
  "last_updated": "2026-01-09",
  "changelog": [
    {
      "version": "1.0.2",
      "date": "2026-01-09",
      "changes": [
        "เพิ่มระบบอัปเดทแบบ manual",
        "แสดงแบนเนอร์สีส้มเมื่อมีเวอร์ชันใหม่",
        "เพิ่มปุ่มอัปเดทใน extension popup",
        "ปรับปรุง UI และ UX"
      ]
    },
    {
      "version": "1.0.0",
      "date": "2026-01-09",
      "changes": [
        "Initial release",
        "Backend integration",
        "URL trust checking"
      ]
    }
  ]
}